Trix Tesimon,Physician,dgXcWH
Michele McPhelim,Assistant,DwpLa0iG4Z5P
Bay Meneer,Physician,Zr0kb4MrK
Basile Odo,Nursing staff,z5pYU6IAT
Sallie Hof,Assistant,B4S9VOUpk
Michal Abrams,Nursing staff,gFNAMw
Clemente Fuzzard,Pharmacist,TLAIQMvubUz
Delphinia Millan,Physician,dISCZKlJ7Uex
Keir Easman,Pharmacist,CBJHgfx3C
Trisha Cummungs,Physician,tPkSPrHE
Darb Chaudret,Assistant,AKKzHDSpF5G
Thorsten Di Franceshci,Nursing staff,ckELcBNa
Cobby MacFie,Physician,C9E4Ni76mUbf
Doralyn Redrup,Lab technician,yKhNve4QEK
Vic Hachette,Nursing staff,NiAXU3dhd
Garvey Korous,Lab technician,YRamhRU
Zacharie Blackstone,Nursing staff,lOjR2C
Lenette Flinders,Nursing staff,udjRxQNmS66e
Ervin Dur,Nursing staff,ymrQbFjMs
Hollyanne Tyer,Nursing staff ,Gvg8NwUdq